schemeCode,schemeName,isinGrowth,isinDivReinvestment
100033,Aditya Birla Sun Life Large & Mid Cap Fund - Regular Growth,INF209K01165,
100175,quant ELSS Tax Saver Fund - Growth Option - Regular Plan,INF966L01135,
100177,quant Small Cap Fund - Growth - Regular Plan,INF966L01AA0,
100219,JM Large Cap Fund (Regular) - Growth Option,INF192K01601,
100254,JM Value Fund (Regular) - Growth Option,INF137A01037,
100313,LIC MF Flexi Cap Fund-Regular Plan-Growth,INF767K01071,
100349,ICICI Prudential Large & Mid Cap Fund - Growth,INF109K01431,
100350,ICICI Prudential Large & Mid Cap Fund - Institutional Option - I - Growth,,
100354,ICICI Prudential ELSS Tax Saver Fund - Growth,INF109K01464,
100377,Nippon India Growth Mid Cap Fund-Growth Plan-Growth Option,INF204K01323,
100380,Nippon India Vision Large & Midcap Fund-GROWTH PLAN-Growth Option,INF204K01406,
100382,UTI Large Cap Fund-Growth Option,,
100471,Franklin India Large Cap Fund-Growth,INF090I01171,
100473,Franklin India Mid Cap Fund-Growth,INF090I01809,
100475,Tata Large Cap Fund -Regular Plan - Growth Option,INF277K01931,
100476,Taurus Flexi Cap Fund - Regular Plan - Growth ,INF044D01989,
100477,Taurus Mid Cap Fund - Regular Plan - Growth,INF044D01815,
100480,Taurus ELSS Tax Saver Fund - Regular Plan - Growth,INF044D01AC9,
100496,Templeton India Value Fund - Growth Plan,INF090I01296,
100520,Franklin India Flexi Cap Fund - Growth,INF090I01239,
100526,Franklin India ELSS Tax Saver Fund-Growth,INF090I01775,
100651,UTI Large Cap Fund - Regular Plan - Growth Option,INF789F01976,
100664,UTI Large & Mid Cap Fund - Regular Plan - Growth Option,INF789F01869,
100669,UTI - Flexi Cap Fund-Growth Option,INF789F01513,
100751,UTI - Master Value Fund-Growth Option,,
100795,Sundaram Small Cap Fund Regular Plan - Growth,INF903J01470,
100821,UTI ELSS Tax Saver Fund - Regular Plan - Growth Option,INF789F01547,
100865,LIC MF ELSS Tax Saver-Regular Plan-Growth,INF767K01956,
100966,Principal Multi Cap Growth Fund- Half Yearly Income Distribution CUM Capital Withdrawal Option,,
100967,Principal Multi Cap Growth Fund-Growth Option,,
101065,quant Mid Cap Fund - Growth Option - Regular Plan,INF966L01176,
101161,Nippon India Multi Cap Fund-Growth Plan-Growth Option,INF204K01489,
101209,Taurus Large Cap Fund - Regular Plan - Growth,INF044D01773,
101539,Sundaram Mid Cap Fund Regular Plan - Growth,INF903J01173,
101594,HSBC Large Cap Fund - Regular Growth,INF336L01016,
101635,DSP Large Cap Fund - Regular Plan - Growth,INF740K01243,
101672,Tata Value Fund - Regular Plan -Growth Option,INF277K01451,
101762,HDFC Flexi Cap Fund - Growth Plan,INF179K01608,
101764,HDFC Value Fund - Growth Plan,INF179K01426,
101824,Tata Large & Mid Cap Fund- Regular Plan - Growth Option,INF277K01428,
101853,Sundaram Value Fund Regular Plan - Growth,INF903J01538,
101979,HDFC ELSS Tax saver - Growth Plan,INF179K01BB8,
102000,HDFC Large Cap Fund - Growth Option - Regular Plan,INF179K01BE2,
102020,Baroda BNP Paribas MULTI CAP FUND - Regular Plan - Growth Option,INF955L01674,
102242,ING Large Cap Equity Fund-Growth Option,,
102252,HSBC Flexi Cap Fund - Regular Growth,INF336L01AF5,
102328,Tata Mid Cap Fund Regular Plan- Growth Option,INF277K01626,
102394,UTI Mid Cap Fund-Growth Option,INF789F01810,
102479,JM Mid Cap Fund-Growth,,
102481,JM Large Cap Fund-Growth,,
102594,ICICI Prudential Value Fund (erstwhile Value Discovery Fund) - Growth,INF109K01AF8,
102875,Kotak-Small Cap Fund - Growth,INF174K01211,
102883,Franklin India Large & Mid Cap Fund - Growth Plan,INF090I01205,
103006,HSBC Small Cap Equity Fund - Growth,,
103024,SBI LARGE & MIDCAP FUND- REGULAR PLAN -Growth,INF200K01305,
103040,Kotak Contra Fund - Regular Plan - Growth,INF174K01245,
103071,Tata Mid Cap Fund Plan A- Growth,,
103085,Nippon India Value Fund- Growth Plan,INF204K01GB3,
103098,UTI Value Fund - Regular Plan - Growth Option,INF789F01AG5,
103166,Aditya Birla Sun Life Flexi Cap Fund - Growth - Regular Plan,INF209K01AJ8,
103174,Aditya Birla Sun Life Large Cap Fund-Growth,INF209K01BR9,
103196,Nippon India ELSS Tax Saver Fund-Growth Plan-Growth Option,INF204K01GK4,
103234,Kotak Large & Midcap Fund - Growth-Regular,INF174K01187,
103309,Aditya Birla Sun Life Focused Fund -Growth Option,INF209K01462,
103335,Principal Focused Multicap Fund-Growth Option,,
103336,Tata Contra Fund Plan A -  Growth,,
103339,Kotak ELSS Tax Saver Fund-Growth,INF174K01369,
103360,Franklin India Small Cap Fund-Growth,INF090I01569,
103367,"ING L.I.O.N. (Large cap, Intermediate cap, Opportunities, New offerings)Fund-Growth Option",,
103445,ABN AMRO Tax  Advantage Plan (ELSS)-Growth Option,,
103469,HDFC Focused Large-Cap Fund-Growth,,
103490,Quantum Value Fund - Direct Plan Growth Option,INF082J01036,
103534,UTI Contra Fund-Growth-Growth Option,,
103649,ING Contra Fund -Growth Option,,
103747,Reliance Focused Large Cap Fund-Growth Plan-Growth Option,,
103819,DSP Large & Mid Cap Fund - Regular Plan - Growth,INF740K01094,
104479,DSP BlackRock Small and Mid Cap Fund - Institutional Plan - Growth,,
104513,quant Large & Mid Cap Fund - Growth Option,INF966L01341,
104636,Invesco India ELSS Tax Saver Fund - Regular Plan - Growth,INF205K01270,
104637,Nippon India Focused Fund -Growth Plan -Growth Option,INF204K01GE7,
104772,DSP ELSS Tax Saver Fund - Regular Plan - Growth,INF740K01185,
104999,Sundaram Select Small Cap- Growth,,
105460,Invesco India Contra Fund - Regular Plan - Growth,INF205K01189,
105758,HDFC Mid Cap Fund - Growth Plan,INF179K01CR2,
105817,Franklin India Focused Equity Fund - Growth Plan,INF090I01981,
105875,DSP Flexi Cap Fund - Regular Plan - Growth,INF740K01037,
105989,DSP Small Cap Fund - Regular - Growth,INF740K01797,
106144,Invesco India Large & Mid Cap Fund - Regular Plan - Growth,INF205K01247,
106147,JM Contra Fund - Growth option,,
106235,Nippon India Large Cap  Fund- Growth Plan -Growth Option,INF204K01562,
106249,Reliance Focused Large Cap  Fund Institutional Plan Growth Plan Growth Option,,
106253,Reliance Multi Cap Fund Institutional Plan Growth Plan Growth Option,,
106871,LIC MF Large Cap Fund-Regular Plan-Growth,INF767K01105,
107288,JM ELSS Tax Saver Fund (Regular) - Growth option,INF192K01650,
107301,JPMorgan India Mid and Small Cap Fund - Regular Plan - Growth Option,,
107410,JM Focused Fund (Regular) - Growth Option,INF192K01577,
107578,Mirae Asset Large Cap Fund - Growth Plan,INF769K01010,
107745,Aditya Birla Sun Life ELSS Tax Saver Fund - Growth Option,INF209K01108,
108097,HSBC Small Cap Fund - Growth,,
108167,Aditya Birla Sun Life Value Fund - Growth Option,INF209K01LF3,
108466,ICICI Prudential Large Cap Fund (erstwhile Bluechip Fund)  - Growth,INF109K01BL4,
108592,Bandhan Focused Fund - Regular Plan - Growth,INF194K01466,
108594,BANDHAN Flexi Cap Fund - Regular Plan - Growth,INF194K01391,
108596,Bandhan Large & Mid Cap Fund - Regular Plan - Growth,INF194K01524,
108799,BANDHAN Large Cap Fund - Regular Plan - Growth,INF194K01516,
108909,Bandhan Value Fund - Regular Plan - Growth,INF194K01342,
109275,quant Focused Fund - Growth Option - Regular Plan,INF966L01374,
109830,quant Flexi Cap Fund - Growth Option - Regular Plan,INF966L01457,
110599,BANK OF INDIA Large & Mid Cap Fund Eco Plan- Growth,INF761K01041,
110603,BANK OF INDIA Large & Mid Cap Fund Regular Plan- Growth,INF761K01108,
110751,Fortis Tax  Advantage Plan (ELSS)-Growth Option,,
111549,Quantum ELSS Tax Saver Fund - Direct Plan Growth Option,INF082J01069,
111569,BANDHAN ELSS Tax Saver Fund - Regular Plan - Growth,INF194K01292,
111638,Edelweiss ELSS Tax Saver Fund - Regular Plan - Growth Option,INF754K01517,
111709,BANK OF INDIA ELSS Tax Saver -ECO Plan-Growth,INF761K01157,
111710,BANK OF INDIA ELSS Tax Saver -Regular Plan- Growth,INF761K01181,
111935,Edelweiss Large Cap Fund -Plan B - Growth option,INF754K01087,
111937,Edelweiss Large Cap Fund -Plan C - Growth option,INF754K01129,
111940,Edelweiss Large Cap Fund - Regular Plan - Growth Option,INF754K01046,
111941,Sundaram Mid Cap Fund Institutional Plan - Growth,,
111957,ICICI Prudential Focused Equity Fund - Growth,INF109K01BZ4,
111959,ICICI Prudential Focused Equity Fund Institutional Growth,,
112064,Sundaram Small Cap Fund Institutional Plan - Growth,,
112105,Sahara Star Value Fund-Growth Option,,
112277,Axis Large Cap Fund - Regular Plan - Growth,INF846K01164,
112288,Fidelity India Value Fund-Growth Option,,
112323,Axis ELSS Tax Saver Fund - Regular Plan - Growth,INF846K01131,
112496,L&T Mid Cap Fund-Regular Plan-Growth,,
112901,DSP Focused Fund - Regular Plan - Growth,INF740K01532,
112932,Mirae Asset Large & Midcap Fund - Regular Plan - Growth,INF769K01101,
112943,Baroda Large cap Fund - Plan A - Growth Option,,
113177,Nippon India Small Cap Fund - Growth Plan - Growth Option,INF204K01HY3,
113460,BNP PARIBAS MULTI CAP Fund-Growth Option,,
113544,BNP PARIBAS LARGE CAP Fund-Growth Option,,
113566,BNP Paribas Mid Cap Fund-Growth Option,,
114307,DHFL Pramerica Large Cap Equity Fund - Growth Option,,
114458,Kotak Large Cap Fund - Growth,INF174K01153,
115270,Union Flexi Cap Fund - Growth Option,INF582M01104,
115790,Navi Large Cap Equity Fund - Growth Option,,
116051,Union ELSS Tax Saver Fund - Growth Option,INF582M01302,
117560,Axis Focused Fund - Regular Plan - Growth Option,INF846K01CH7,
118069,L&T India Large Cap Fund - Regular Plan - Growth,,
118102,L&T India Value Fund-Regular Plan-Growth,,
118419,Bandhan Large & Mid Cap Fund - Direct Plan - Growth,INF194K01V89,
118421,Bandhan Focused Fund - Direct Plan - Growth,INF194K01W21,
118424,BANDHAN Flexi Cap Fund-Direct Plan-Growth,INF194K01W62,
118473,BANDHAN ELSS Tax Saver Fund - Direct Plan - Growth,INF194K01Y29,
118479,BANDHAN Large Cap Fund-Direct Plan-Growth,INF194K01Z44,
118481,Bandhan Value Fund - Direct Plan - Growth,INF194K01Z85,
118494,Templeton India Value Fund - Direct - Growth,INF090I01GY2,
118510,Franklin India Large & Mid Cap Fund - Direct - Growth,INF090I01IN1,
118525,Franklin India Small Cap Fund - Direct - Growth,INF090I01IQ4,
118531,Franklin India Large Cap Fund- Direct - Growth,INF090I01FN7,
118533,Franklin India Mid Cap Fund - Direct - Growth,INF090I01FH9,
118535,Franklin India Flexi Cap Fund - Direct - Growth,INF090I01FK3,
118540,Franklin India ELSS Tax Saver Fund - Direct - Growth,INF090I01JS8,
118564,Franklin India Focused Equity Fund - Direct - Growth,INF090I01IW2,
118617,Edelweiss Large Cap Fund - Direct Plan-Growth option,INF754K01BW4,
118620,Edelweiss ELSS Tax Saver Fund - Direct Plan-Growth Option,INF754K01CA8,
118632,Nippon India Large Cap Fund - Direct Plan Growth Plan - Growth Option,INF204K01XI3,
118643,Reliance Focused Large Cap Fund - Direct Plan Growth Plan - Growth Option,,
118650,Nippon India Multi Cap Fund - Direct Plan Growth Plan - Growth Option,INF204K01XF9,
118668,Nippon India Growth Mid Cap Fund - Direct Plan Growth Plan - Growth Option,INF204K01E54,
118678,Nippon India Vision Large & Mid Cap Fund - Direct Plan Growth Plan - Growth Option,INF204K01F20,
118692,Nippon India Focused Fund - Direct Plan Growth Plan - Growth Option,INF204K01F95,
118778,Nippon India Small Cap Fund - Direct Plan Growth Plan - Growth Option,INF204K01K15,
118784,Nippon India Value Fund - Direct Plan Growth Plan,INF204K01K49,
118803,Nippon India ELSS Tax Saver Fund - Direct Plan Growth Plan - Growth Option,INF204K01L55,
118825,Mirae Asset Large Cap Fund - Direct Plan - Growth,INF769K01AX2,
118834,Mirae Asset Large & Midcap Fund - Direct Plan - Growth,INF769K01BI1,
118866,Taurus ELSS Tax Saver Fund - Direct Plan - Growth,INF044D01CG6,INF044D01AA3
118870,Taurus Large Cap Fund - Direct Plan - Growth,INF044D01BX3,
118872,Taurus Mid Cap Fund - Direct Plan - Growth,INF044D01CA9,
118883,Taurus Flexi Cap Fund - Direct Plan - Growth,INF044D01BU9,
118927,HDFC Focused Large-Cap Fund -Direct Plan - Growth Option,,
118935,HDFC Value Fund - Growth Option - Direct Plan,INF179K01VC4,
118950,HDFC Focused Fund - Growth Option - Direct Plan,INF179K01VK7,
118955,HDFC Flexi Cap Fund - Growth Option - Direct Plan,INF179K01UT0,
118989,HDFC Mid Cap Fund - Growth Option - Direct Plan,INF179K01XQ0,
119018,HDFC Large Cap Fund - Growth Option - Direct Plan,INF179K01YV8,
119060,HDFC ELSS Tax saver - Growth Option - Direct Plan,INF179K01YS4,
119076,DSP Flexi Cap Fund - Direct Plan - Growth,INF740K01PI2,
119096,DSP Focused Fund - Direct Plan - Growth,INF740K01OB0,
119148,Navi Large Cap Equity Fund-Direct Plan-Growth Option,,
119160,Tata Large Cap Fund -Direct Plan Growth Option,INF277K01QZ7,
119178,Tata Mid Cap Fund - Direct Plan- Growth Option,INF277K01PY2,
119202,Tata Large & MId Cap Fund -Direct Plan- Growth Option,INF277K01MK8,
119212,DSP Small Cap Fund - Direct Plan - Growth,INF740K01QD1,
119218,DSP Large & Mid Cap Fund - Direct Plan - Growth,INF740K01PL6,
119231,Tata Value Fund -Direct Plan Growth Option,INF277K01ND1,
119242,DSP ELSS Tax Saver Fund - Direct Plan - Growth,INF740K01OK1,
119250,DSP Large Cap Fund - Direct Plan - Growth,INF740K01PR3,
119292,Union Flexi Cap Fund - Direct Plan - Growth Option,INF582M01633,
119307,Union ELSS Tax Saver Fund - Direct Plan - Growth Option,INF582M01765,
119308,L&T India Large Cap Fund - Direct Plan - Growth,,
119323,Tata Contra Fund -Direct Plan Growth,,
119350,BANK OF INDIA Large & Mid Cap Fund Direct Plan-Growth,INF761K01652,
119351,BANK OF INDIA ELSS Tax Saver -Direct Plan- Growth,INF761K01884,
119354,Baroda BNP Paribas MULTI CAP FUND - Direct Plan - Growth Option,INF955L01AG0,
119367,Baroda Large cap Fund - Plan B (Direct) - Growth Option,,
119404,L&T India Value Fund-Direct Plan-Growth,,
119436,Aditya Birla Sun Life Large & Mid Cap Fund - Growth - Direct Plan,INF209K01VH8,
119451,Principal Multi Cap Growth Fund - Direct Plan -Half Yearly Income Distribution CUM Capital Withdrawal Option,,
119452,Principal Multi Cap Growth Fund-Direct Plan - Growth Option,,
119464,Principal Focused Multicap Fund- Direct Plan - Growth Option,,
119528,Aditya Birla Sun Life Large Cap Fund - Growth - Direct Plan,INF209K01YY7,
119544,Aditya Birla Sun Life ELSS Tax Saver Fund - Growth - Direct Plan,INF209K01UN8,
119549,Sundaram Value Fund Direct Plan - Growth,INF903J01NN3,
119556,Aditya Birla Sun Life Small Cap Fund - Growth - Direct Plan,INF209K01WN4,
119564,Aditya Birla Sun Life Focused Fund - Growth - Direct Plan,INF209K01WE3,
119581,Sundaram Mid Cap Fund Direct Plan - Growth,INF903J01MJ3,
119589,Sundaram Small Cap Fund Direct Plan - Growth,INF903J01NK9,
119659,Aditya Birla Sun Life Value Fund - Growth - Direct Plan,INF209K01WQ7,
119721,SBI LARGE & MIDCAP FUND -DIRECT PLAN -Growth,INF200K01UJ5,
119769,Kotak Contra Fund - Direct Plan - Growth,INF174K01KZ9,
119773,Kotak ELSS Tax Saver Fund-Growth - Direct,INF174K01LI3,
119807,L&T Mid Cap Fund-Direct Plan-Growth,,
119869,JPMorgan India Mid and Small Cap Fund - Direct Plan - Growth Option,,
119893,BNP Paribas LARGE CAP Fund - Direct Plan - Growth Option,,
119914,ING Large Cap Equity Fund - Direct Plan - Growth Option,,
119988,BNP Paribas MULTI CAP Fund - Direct Plan - Growth Option,,
120002,BNP Paribas Mid Cap Fund - Direct Plan - Growth Option,,
120030,HSBC Large Cap Fund - Direct Growth,INF336L01CM7,
120046,HSBC Flexi Cap Fund - Direct Growth,INF336L01DH5,
120069,HSBC Small Cap Equity Fund - Growth Direct,,
120077,HSBC - Small Cap Fund - Growth Direct,,
120100,DHFL Pramerica Large Cap Equity Fund - Direct Plan-Growth Option,,
120152,Kotak Large Cap  Fund - Growth - Direct,INF174K01KW6,
120158,Kotak Large & Midcap Fund - Direct- Growth,INF174K01LF9,
120164,Kotak-Small Cap Fund - Growth - Direct,INF174K01KT2,
120264,LIC MF Flexi Cap Fund-Direct Plan-Growth,INF767K01EG3,
120267,LIC MF Large Cap Fund-Direct Plan-Growth,INF767K01EJ7,
120270,LIC MF ELSS Tax Saver-Direct Plan-Growth,INF767K01EM1,
120323,ICICI Prudential Value Fund (erstwhile Value Discovery Fund) - Direct Plan - Growth,INF109K012K1,
120348,Invesco India Contra Fund - Direct Plan - Growth,INF205K01LE4,
120357,Invesco India Large & Mid Cap Fund - Direct Plan - Growth,INF205K01MA0,
120386,Sahara Star Value Fund-Growth - Direct,,
120416,Invesco India ELSS Tax Saver Fund - Direct Plan - Growth,INF205K01NT8,
120465,Axis Large Cap Fund - Direct Plan - Growth,INF846K01DP8,
120468,Axis Focused Fund - Direct Plan - Growth Option,INF846K01CQ8,
120486,JM Value Fund (Direct) - Growth Option,INF192K01BT3,
120488,JM Focused Fund (Direct)  - Growth Option,INF192K01BW7,
120490,JM Large Cap Fund (Direct) - Growth Option,INF192K01BZ0,
120494,JM ELSS Tax Saver Fund (Direct) - Growth Option,INF192K01CE3,
120503,Axis ELSS Tax Saver Fund - Direct Plan - Growth Option,INF846K01EW2,
120564,Aditya Birla Sun Life Flexi Cap Fund - Growth - Direct Plan,INF209K01XX1,
120586,ICICI Prudential Large Cap Fund (erstwhile Bluechip Fund) - Direct Plan - Growth,INF109K016L0,
120592,ICICI Prudential ELSS Tax Saver Fund - Direct Plan - Growth,INF109K01Y31,
120596,ICICI Prudential Large & Mid Cap Fund - Direct Plan - Growth,INF109K011O5,
120656,UTI Large Cap Fund - Direct Plan - Growth Option,INF789F01US8,
120662,UTI - Flexi Cap Fund-Growth Option - Direct,INF789F01TC4,
120665,UTI Large & Mid Cap Fund - Direct Plan - Growth Option,INF789F01UG3,
120699,UTI - Master Value Fund-Growth Option-Direct,,
120715,UTI ELSS Tax Saver Fund - Direct Plan - Growth Option,INF789F01TF7,
120722,ICICI Prudential Focused Equity Fund - Direct Plan - Growth,INF109K018N2,
120726,UTI Mid Cap Fund-Growth Option- Direct,INF789F01UA6,
120751,UTI Value Fund - Direct Plan - Growth Option,INF789F01VB2,
120759,UTI Contra Fund-Growth-Growth Option-Direct,,
120826,quant Large & Mid Cap Fund - Growth Option-Direct Plan,INF966L01648,
120828,quant Small Cap Fund - Growth Option - Direct Plan,INF966L01689,
120834,quant Focused Fund - Growth Option-Direct Plan,INF966L01853,
120841,quant Mid Cap Fund - Growth Option - Direct Plan,INF966L01887,
120843,quant Flexi Cap Fund - Growth Option-Direct Plan,INF966L01911,
120847,quant ELSS Tax Saver Fund - Growth Option - Direct Plan,INF966L01986,
122387,Motilal Oswal Focused Fund - Regular Plan Growth Option,INF247L01155,
122389,Motilal Oswal Focused Fund - Direct Plan Growth Option,INF247L01189,
122639,Parag Parikh Flexi Cap Fund - Direct Plan - Growth,INF879O01027,
122640,Parag Parikh Flexi Cap Fund - Regular Plan - Growth,INF879O01019,
125350,Axis Small Cap Fund - Regular Plan - Growth,INF846K01K01,
125354,Axis Small Cap Fund - Direct Plan - Growth,INF846K01K35,
125494,SBI Small Cap Fund - Regular Plan - Growth,INF200K01T28,
125497,SBI Small Cap Fund - Direct Plan - Growth,INF200K01T51,
126638,Aditya Birla Sun Life Focused Equity Fund - Series 1 - Regular Plan-Growth,,
126639,Aditya Birla Sun Life Focused Equity Fund - Series 1 - Direct Plan-Growth,,
127919,Aditya Birla Sun Life Focused Equity Fund - Series 2 - Direct Plan-Growth,,
127921,Aditya Birla Sun Life Focused Equity Fund - Series 2 - Regular Plan-Growth,,
128235,IDBI FLEXI CAP FUND Growth Regular,,
128236,IDBI FLEXI CAP FUND Growth Direct,,
129046,Motilal Oswal Flexi cap Fund Direct Plan-Growth Option,INF247L01502,
129048,Motilal Oswal Flexi Cap Fund Regular Plan-Growth Option,INF247L01478,
129647,Union Small Cap Fund - Regular Plan - Growth Option,INF582M01BY1,
129649,Union Small Cap Fund - Direct Plan - Growth Option,INF582M01BU9,
130496,HDFC Large and Mid Cap Fund - Growth Option,INF179KA1RT1,
130498,HDFC Large and Mid Cap Fund - Growth Option - Direct Plan,INF179KA1RQ7,
130502,HDFC Small Cap Fund - Growth Option,INF179KA1RZ8,
130503,HDFC Small Cap Fund - Growth Option - Direct Plan,INF179KA1RW5,
131163,UTI Multi Cap Fund - Growth Option,,
131164,UTI Multi Cap Fund - Growth Option - Direct,,
131526,Aditya Birla Sun Life Focused Equity Fund - Series 3 - Direct Plan - Growth,,
131527,Aditya Birla Sun Life Focused Equity Fund - Series 3 - Regular Plan - Growth,,
131578,360 ONE Focused Fund -Regular Plan - Growth,INF579M01878,
131580,360 ONE Focused Fund-Direct Plan-Growth,INF579M01902,
132756,Tata ELSS Fund-Growth-Direct Plan,INF277K01I86,
132757,Tata ELSS Fund-Growth-Regular Plan,INF277K01I52,
132983,Sundaram Select Small Cap Series II Regular Growth,,
132985,Sundaram Select Small Cap Series II Direct Growth,,
133102,Aditya Birla Sun Life Focused Equity Fund - Series 4 - Regular Plan - Growth,,
133105,Aditya Birla Sun Life Focused Equity Fund - Series 4 - Direct Plan - Growth,,
133144,DWS Mid Cap Fund - Series 1 - Direct Plan - Growth,,
133146,DWS Mid Cap Fund - Series 1 - Regular Plan - Growth,,
133318,Sundaram Value Fund Series I Regular Plan Growth,,
133320,Sundaram Value Fund Series I Direct Growth,,
133385,Motilal Oswal ELSS Tax Saver Fund - Regular Plan - Growth Option,INF247L01544,
133386,Motilal Oswal ELSS Tax Saver Fund - Direct Plan - Growth Option,INF247L01569,
133527,HDFC FOCUSED EQUITY FUND - Regular Plan - Growth Option,,
133529,HDFC FOCUSED EQUITY FUND - Direct Plan - Growth Option,,
133557,Sundaram Value Fund Series II Regular Plan Growth,,
133559,Sundaram Value Fund Series II Direct Plan Growth,,
133710,LIC MF Large & Mid Cap Fund-Direct Plan-Growth,INF767K01NE9,
133711,LIC MF Large & Mid Cap Fund-Regular Plan-Growth,INF767K01NB5,
133836,PGIM India Flexi Cap Fund - Regular Plan - Growth Option,INF663L01FJ3,
133839,PGIM India Flexi Cap Fund - Direct Plan - Growth Option,INF663L01FF1,
133896,Aditya Birla Sun Life Focused Equity Fund - Series 5 - Regular Plan - Growth,,
133897,Aditya Birla Sun Life Focused Equity Fund - Series 5 - Direct Plan - Growth,,
134001,DWS Large Cap Fund - Series 1 - Direct Plan - Growth,,
134002,DWS Large Cap Fund - Series 1 - Regular Plan - Growth,,
134044,Baroda ELSS 96 Plan A -Growth Option,,
134045,Baroda ELSS 96 Plan B(Direct) -Growth Option,,
134133,DWS Large Cap Fund - Series 2 - Regular Plan - Growth,,
134134,DWS Large Cap Fund - Series 2 - Direct Plan - Growth,,
134295,Sundaram Select Small Cap Series III Regular Growth,,
134297,Sundaram Select Small Cap Series III Direct Growth,,
134334,HDFC Focused Equity Fund - Plan B - Direct Plan - Growth Option,,
134336,HDFC Focused Equity Fund - Plan B - Regular Plan - Growth Option,,
134371,Sundaram Select Small Cap Series IV - Regular Growth,,
134373,Sundaram Select Small Cap Series IV - Direct Growth,,
134413,DWS Large Cap Fund - Series 3 - Direct Plan - Growth,,
134415,DWS Large Cap Fund - Series 3 - Regular Plan - Growth,,
135341,Groww Value Fund (formerly known as Indiabulls Value Fund) - Direct Plan - Growth Option,INF666M01BE4,
135343,Groww Value Fund (formerly known as Indiabulls Value Fund) - Regular Plan - Growth Option,INF666M01BH7,
135349,Aditya Birla Sun Life Focused Equity Fund - Series 6 - Regular Plan-Growth,,
135351,Aditya Birla Sun Life Focused Equity Fund - Series 6-Direct Plan-Growth,,
135598,PGIM India ELSS Tax Saver Fund - Regular Plan - Growth Option,INF663L01FQ8,
135601,PGIM India ELSS Tax Saver Fund - Direct Plan - Growth Option,INF663L01FN5,
135654,Navi ELSS Tax Saver Fund- Direct Plan- Growth Option,INF959L01CD5,
135655,Navi ELSS Tax Saver Fund- Regular Plan- Growth Option,INF959L01CF0,
135677,Navi Large & Midcap Fund- Direct Plan- Growth Option,INF959L01CH6,
135678,Navi Large & Midcap Fund- Regular Plan- Growth Option,INF959L01CK0,
135781,Mirae Asset ELSS Tax Saver Fund - Direct Plan - Growth,INF769K01DM9,
135784,Mirae Asset ELSS Tax Saver Fund - Regular Plan - Growth,INF769K01DK3,
136086,Sundaram Value Fund Series III Regular Plan Growth,,
136088,Sundaram Value Fund Series  Direct Plan Growth,,
138308,PGIM India Large Cap Fund - Growth,INF663L01GW4,
138310,DHFL Pramerica Large Cap Fund Wealth Plan - Growth Option,,
138312,PGIM India Large Cap Fund - Direct Plan - Growth,INF663L01GR4,
138950,DHFL Pramerica Mid Cap Fund - Series 1 - Direct Plan - Growth,,
138952,DHFL Pramerica Mid Cap Fund - Series 1 - Regular Plan - Growth,,
138986,DHFL Pramerica Large Cap Fund - Series 1 - Direct Plan - Growth,,
138987,DHFL Pramerica Large Cap Fund - Series 1 - Regular Plan - Growth,,
138990,PGIM India Large Cap Fund - Series 2 - Regular Plan - Growth,,
138991,PGIM India Large Cap Fund - Series 2 - Direct Plan - Growth,,
139017,DHFL Pramerica Large Cap Fund - Series 3 - Direct Plan - Growth,,
139019,DHFL Pramerica Large Cap Fund - Series 3 - Regular Plan - Growth,,
139781,Mahindra Manulife ELSS Tax Saver Fund - Direct Plan -Growth,INF174V01093,
139783,Mahindra Manulife ELSS Tax Saver Fund- Regular Plan - Growth,INF174V01077,
140172,Edelweiss Large & Mid Cap Fund - Regular Plan - Growth Option,INF843K01047,
140175,Edelweiss Large & Mid Cap Fund - Direct Plan - Growth Option,INF843K01AL0,
140225,Edelweiss Mid Cap Fund - Regular Plan - Growth Option,INF843K01013,
140228,Edelweiss Mid Cap Fund - Direct Plan - Growth Option,INF843K01AO4,
140353,Edelweiss Flexi Cap Fund - Direct Plan - Growth Option,INF843K01KK1,
140355,Edelweiss Flexi Cap Fund - Regular Plan - Growth Option,INF843K01KN5,
140659,Sundaram Value Fund Series VII Regular Plan - Growth,,
140660,Sundaram Value Fund Series VII Direct Plan - Growth,,
141068,Quantum Value Fund - Regular Plan Growth Option,INF082J01242,
141070,Quantum ELSS Tax Saver Fund - Regular Plan Growth Option,INF082J01366,
141224,Mahindra Manulife Multi Cap Fund - Regular Plan - Growth,INF174V01317,
141226,Mahindra Manulife Multi Cap Fund - Direct Plan -Growth,INF174V01341,
141339,Sundaram Value Fund Series VIII Regular Plan - Growth,,
141342,Sundaram Value Fund Series VIII Direct Plan - Growth,,
141462,IDBI Small Cap Fund Growth Regular,,
141475,IDBI Small Cap Fund - Growth Direct,,
141499,Sundaram Select Small Cap Series V Direct Plan - Growth,,
141501,Sundaram Select Small Cap Series V Regular Plan - Growth,,
141561,Sundaram Select Small Cap Series VI Direct Plan - Growth,,
141563,Sundaram Select Small Cap Series VI Regular Plan - Growth,,
141808,Groww ELSS Tax Saver Fund (formerly known as Indiabulls Tax Savings Fund)- Direct Plan- Growth Option,INF666M01DK7,
141812,BNP Paribas Focused 25 Equity Fund - Regular Plan-Growth Option,,
141813,BNP Paribas Focused 25 Equity Fund - Direct Plan - Growth Option,,
141862,Groww ELSS Tax Saver Fund (formerly known as Indiabulls Tax Savings Fund)-Regular Plan-Growth Option,INF666M01DN1,
141913,Sundaram Value Fund Series IX Regular Plan - Growth,,
141915,Sundaram Value Fund Series IX Direct Plan - Growth,,
141919,IDBI FOCUSED 30 EQUITY FUND - Growth Regular,,
141920,IDBI FOCUSED 30 EQUITY FUND - Growth Direct,,
141925,Axis Flexi Cap Fund - Direct Plan - Growth,INF846K01B28,
141927,Axis Flexi Cap Fund - Regular Plan - Growth,INF846K01B51,
141929,Sundaram Value Fund Series X Regular Plan - Growth,,
141932,Sundaram Value Fund Series X Direct Plan - Growth,,
141950,BANK OF INDIA Mid Cap Tax Fund Series 1 Direct Plan Growth,INF761K01DS3,
141952,BANK OF INDIA Mid Cap Tax Fund Series 1 Regular Plan Growth,INF761K01DU9,
142109,Mahindra Manulife Mid Cap Fund - Regular Plan - Growth,INF174V01473,
142110,Mahindra Manulife Mid Cap Fund - Direct Plan -Growth,INF174V01507,
142531,Sundaram Emerging Small Cap Series I Regular Plan - Growth,,
142533,Sundaram Emerging Small Cap Series I Direct Plan - Growth,,
143009,Sundaram Emerging Small Cap Series II Regular Plan - Growth,,
143010,Sundaram Emerging Small Cap Series II Direct Plan - Growth,,
143225,Sundaram Emerging Small Cap Series III Regular Plan - Growth,,
143226,Sundaram Emerging Small Cap Series III Direct Plan - Growth,,
143503,Sundaram Emerging Small Cap Series IV Regular Plan - Growth,,
143506,Sundaram Emerging Small Cap Series IV Direct Plan - Growth,,
143787,Navi Flexi Cap Fund - Regular Plan - Growth,INF959L01EE9,
143793,Navi Flexi Cap Fund - Direct Plan - Growth,INF959L01DT9,
143828,Sundaram Multi Cap Fund Series I Direct Plan - Growth,,
143830,Sundaram Multi Cap Fund Series I Regular Plan - Growth,,
143835,Tata Value Fund Series 1 Direct Plan Growth,,
143837,Tata Value Fund Series 1 Regular Plan Growth,,
144197,Sundaram Multi Cap Fund Series II Regular Plan - Growth,,
144200,Sundaram Multi Cap Fund Series II Direct Plan - Growth,,
144212,Tata Value Fund Series 2 -Regular Plan-Growth,,
144213,Tata Value Fund Series 2 -Direct Plan-Growth,,
144435,Sundaram Emerging Small Cap Series V Regular Plan - Growth,,
144437,Sundaram Emerging Small Cap Series V Direct Plan - Growth,,
144453,IDBI Long Term Value Fund-Regular Plan-Growth,,
144455,IDBI Long Term Value Fund-Direct Plan- Growth,,
144546,Tata Flexi Cap Fund-Direct Plan-Growth,INF277K015K0,
144548,Tata Flexi Cap Fund -Regular Plan-Growth,INF277K019K2,
144726,Sundaram Emerging Small Cap Series VI Regular Plan - Growth,,
144728,Sundaram Emerging Small Cap Series VI Direct Plan - Growth,,
144902,Shriram Flexi Cap Fund - Regular Growth,INF680P01075,
144905,Shriram Flexi Cap Fund - Direct Growth,INF680P01109,
144987,Sundaram Emerging Small Cap Series VII Regular Plan - Growth,,
144988,Sundaram Emerging Small Cap VII Direct Plan - Growth,,
145110,Axis Large & Mid Cap Fund - Direct Plan - Growth,INF846K01J46,
145112,Axis Large & Mid Cap Fund - Regular Plan - Growth,INF846K01J79,
145206,Tata Small Cap Fund-Direct Plan-Growth,INF277K011O1,
145208,Tata Small Cap Fund-Regular Plan-Growth,INF277K015O2,
145376,L&T Focused Equity Fund - Direct Plan - Growth Option,,
145378,L&T Focused Equity Fund - Regular Plan - Growth Option,,
145471,Union Value Fund - Regular Plan - Growth Option,INF582M01EO6,
145473,Union Value Fund - Direct Plan - Growth Option,INF582M01EK4,
145677,BANK OF INDIA Small Cap Fund Regular Plan Growth,INF761K01ER3,
145678,BANK OF INDIA Small Cap Fund Direct Plan Growth,INF761K01EP7,
145819,Shriram ELSS Tax Saver Fund - Direct Growth,INF680P01158,
145820,Shriram ELSS Tax Saver Fund - Regular Growth,INF680P01133,
146193,Edelweiss Small Cap Fund - Regular Plan - Growth,INF754K01JJ4,
146196,Edelweiss Small Cap Fund - Direct Plan - Growth,INF754K01JN6,
146549,Mahindra Manulife Large Cap Fund - Direct Plan -Growth,INF174V01721,
146551,Mahindra Manulife Large Cap Fund - Regular Plan - Growth,INF174V01697,
146771,HSBC Large & Mid Cap Fund - Regular Growth,INF336L01NY9,
146772,HSBC Large & Mid Cap Fund - Direct Growth,INF336L01NV5,
147129,Principal Small Cap Fund - Regular Plan - Growth Option,,
147131,Principal Small Cap Fund - Direct Plan - Growth Option,,
147183,ITI Multi Cap Fund - Direct Plan - Growth Option,INF00XX01168,
147184,ITI Multi Cap Fund - Regular Plan - Growth Option,INF00XX01135,
147203,Mirae Asset Focused Fund Regular Plan Growth,INF769K01ES4,
147206,Mirae Asset Focused Fund Direct Plan Growth,INF769K01EU0,
147473,Kotak Focused Fund- Direct Plan- Growth option,INF174KA1EN7,
147477,Kotak Focused Fund- Regular plan _ Growth Option,INF174KA1EK3,
147481,Parag Parikh ELSS Tax Saver Fund- Direct Growth,INF879O01100,
147482,Parag Parikh ELSS Tax Saver Fund- Regular Growth,INF879O01092,
147490,Union Focused Fund - Regular Plan - Growth Option,INF582M01FW6,
147492,Union Focused Fund - Direct Plan - Growth Option,INF582M01FS4,
147541,ITI ELSS Tax Saver Fund - Direct Plan - Growth Option,INF00XX01390,
147544,ITI ELSS Tax Saver Fund - Regular Plan - Growth Option,INF00XX01374,
147748,Union Large & Midcap Fund - Regular Plan - Growth Option,INF582M01GD4,
147750,Union Large & Midcap Fund - Direct Plan - Growth Option,INF582M01GA0,
147757,Tata Focused Fund-Direct Plan-Growth,INF277K017X9,
147760,Tata Focused Fund-Regular Plan-Growth,INF277K010Y2,
147840,Mahindra Manulife Large & Mid Cap Fund - Direct Plan -Growth,INF174V01945,
147843,Mahindra Manulife Large & Mid Cap Fund - Regular Plan - Growth,INF174V01911,
147919,ITI Small Cap Fund - Direct Plan - Growth Option,INF00XX01747,
147920,ITI Small Cap Fund - Regular Plan - Growth Option,INF00XX01713,
148351,ITI Large Cap Fund - Regular Plan - Growth Option,INF00XX01770,
148353,ITI Large Cap Fund - Direct Plan - Growth Option,INF00XX01804,
148404,BANK OF INDIA Flexi Cap Fund Direct Plan -Growth,INF761K01FF5,
148405,BANK OF INDIA Flexi Cap Fund Regular Plan -Growth,INF761K01FI9,
148409,HSBC Focused Fund - Regular Growth,INF336L01PE6,
148411,HSBC Focused Fund - Direct Growth,INF336L01PB2,
148471,Baroda BNP Paribas Large and Mid Cap Fund-Regular Plan-Growth Option,INF955L01JR8,
148474,Baroda BNP Paribas Large and Mid Cap Fund- Direct Plan -Growth Option,INF955L01JU2,
148481,Invesco India Focused Fund - Direct Plan - Growth,INF205KA1213,
148483,Invesco India Focused Fund - Regular Plan - Growth,INF205KA1189,
148491,Principal Large Cap Fund - Regular Growth,,
148504,Sundaram Large Cap Fund(Formerly Known as Sundaram Blue Chip Fund) Regular Plan - Growth,INF903JA1IZ3,
148507,Sundaram Large Cap Fund (Formerly Known as Sundaram Blue Chip Fund)Direct Plan - Growth,INF903JA1JC0,
148524,Principal Large Cap Fund - Direct Growth,,
148567,Mahindra Manulife Focused Fund - Direct Plan -Growth,INF174V01AG7,
148571,Mahindra Manulife Focused Fund - Regular Plan - Growth,INF174V01AD4,
148594,DSP Value Fund - Regular Plan - Growth,INF740KA1PM0,
148595,DSP Value Fund - Direct Plan - Growth,INF740KA1PP3,
148617,UTI Small Cap Fund - Regular Plan - Growth Option,INF789F1AUO6,
148618,UTI Small Cap Fund - Direct Plan - Growth Option,INF789F1AUQ1,
148732,ITI Mid Cap Fund - Regular Plan - Growth Option,INF00XX01895,
148733,ITI Mid Cap Fund - Direct Plan - Growth Option,INF00XX01929,
148883,Canara Robeco Focused Fund - Direct Plan - Growth Option,INF760K01JQ6,
148884,Canara Robeco Focused Fund - Regular Plan - Growth Option,INF760K01JT0,
148972,ITI Value Fund - Direct Plan - Growth Option,INF00XX01AQ6,
148973,ITI Value Fund - Regular Plan - Growth Option,INF00XX01AN3,
148980,BANK OF INDIA Large Cap Fund Direct Plan Growth,INF761K01FL3,
148982,BANK OF INDIA Large Cap Fund Regular Plan Growth,INF761K01FO7,
149019,PGIM India Small Cap Fund - Direct Plan- Growth Option,INF663L01W06,
149020,PGIM India Small Cap Fund - Regular Plan - Growth Option,INF663L01W30,
149085,Canara Robeco Value Fund - Direct Plan - Growth Option,INF760K01JW4,
149088,Canara Robeco Value Fund - Regular Plan - Growth Option,INF760K01JZ7,
149089,Nippon India Flexi Cap Fund - Regular Plan - Growth Plan - Growth Option,INF204KC1097,
149090,UTI Focused Fund - Regular Plan - Growth Option,INF789F1AUY5,
149091,UTI Focused Fund - Direct Plan - Growth Option,INF789F1AVA3,
149094,Nippon India Flexi Cap Fund - Direct Plan - Growth Plan - Growth Option,INF204KC1121,
149101,Mahindra Manulife Flexi Cap Fund - Regular Plan -Growth,INF174V01AP8,
149104,Mahindra Manulife Flexi Cap Fund - Direct Plan -Growth,INF174V01AS2,
149153,HSBC Mid Cap Fund - Regular - Growth,,
149154,HSBC Mid Cap Fund - Direct - Growth,,
149166,Axis Value Fund - Direct Plan - Growth,INF846K010C0,
149167,Axis Value Fund - Regular Plan - Growth,INF846K013C4,
149335,Quant Value Fund - Growth Option  - Direct Plan,INF966L01AN3,
149337,Quant Value Fund - Growth Option - Regular Plan,INF966L01AQ6,
149366,HDFC Multi Cap Fund - Growth Option,INF179KC1BV9,
149368,HDFC Multi Cap Fund - Growth Option - Direct Plan,INF179KC1BS5,
149449,Samco Flexi Cap Fund - Regular Plan - Growth Option,INF0K1H01016,
149450,Samco Flexi Cap Fund - Direct Plan - Growth Option,INF0K1H01024,
149532,Sundaram Focused Fund (Formerly Known as Principal Focused Multicap Fund)-Growth Option,INF173K01189,
149533,Sundaram Focused Fund (Formerly Known as Principal Focused Multicap Fund)- Direct Plan - Growth Option,INF173K01EK6,
149569,Sundaram ELSS Tax Saver Fund Regular Growth,INF173K01361,
149570,Sundaram ELSS Tax Saver Fund Direct Plan Growth,INF173K01HZ7,
149667,Sundaram Multi Cap Fund (Formerly Known as Principal Multi Cap Growth Fund)-Growth Option,INF173K01940,
149669,Sundaram Multi Cap Fund (Formerly Known as Principal Multi Cap Growth Fund)-Direct Plan - Growth Option,INF173K01FQ0,
149763,Invesco India Flexi Cap Fund - Direct Plan - Growth,INF205KA1494,
149766,Invesco India Flexi Cap Fund - Regular Plan - Growth,INF205KA1460,
150156,BARODA BNP PARIBAS ELSS Tax Saver Fund - Regular - Growth Option,INF251K01985,
150159,BARODA BNP PARIBAS ELSS Tax Saver Fund - Direct Plan - Growth Option,INF251K01HF3,
150185,BARODA BNP PARIBAS LARGE CAP Fund- Regular Plan - Growth Option,INF251K01894,
150187,BARODA BNP PARIBAS LARGE CAP Fund - Direct Plan - Growth Option,INF251K01HN7,
150209,BARODA BNP PARIBAS Mid Cap Fund - Regular Plan - Growth Option,INF251K01AW3,
150212,BARODA BNP PARIBAS Mid Cap Fund - Direct Plan - Growth Option,INF251K01HQ0,
150263,BARODA BNP PARIBAS Focused Fund - Regular Plan-Growth Option,INF251K01PK6,
150264,BARODA BNP PARIBAS Focused Fund - Direct Plan - Growth Option,INF251K01PN0,
150346,WhiteOak Capital Flexi Cap Fund Direct Plan-Growth,INF03VN01530,
150347,WhiteOak Capital Flexi Cap Fund Regular Plan-Growth,INF03VN01506,
150376,Edelweiss Focused Fund - Direct Plan - Growth,INF754K01OP1,
150382,Edelweiss Focused Fund - Regular Plan - Growth,INF754K01OL0,
150385,Baroda BNP Paribas Flexi Cap Fund - Regular Plan - Growth Option,INF251K01QW9,
150387,Baroda BNP Paribas Flexi Cap Fund - Direct Plan - Growth Option,INF251K01QZ2,
150440,quant Large Cap Fund - Growth Option - Direct Plan,INF966L01AT0,
150441,quant Large Cap Fund - Growth Option - Regular Plan,INF966L01AW4,
150583,WhiteOak Capital Mid Cap Fund Regular Plan Growth,INF03VN01563,
150584,WhiteOak Capital Mid Cap Fund Direct Plan Growth,INF03VN01597,
150587,WhiteOak Capital ELSS Tax Saver Fund Direct Plan Growth,INF03VN01621,
150589,WhiteOak Capital ELSS Tax Saver Fund Regular Plan Growth,INF03VN01647,
150659,LIC MF Multi Cap Fund-Direct Plan-Growth,INF767K01RK7,
150661,LIC MF Multi Cap Fund-Regular Plan-Growth,INF767K01RH3,
150797,WhiteOak Capital Large Cap Fund Direct Plan Growth,INF03VN01696,
150799,WhiteOak Capital Large Cap Fund Regular Plan Growth,INF03VN01662,
150816,Canara Robeco Mid Cap Fund- Regular Plan- Growth Option,INF760K01KL5,
150817,Canara Robeco Mid Cap Fund- Direct Plan- Growth Option,INF760K01KI1,
150838,Samco ELSS Tax Saver Fund - Direct Plan - Growth Option,INF0K1H01065,
150839,Samco ELSS Tax Saver Fund - Regular Plan - Growth Option,INF0K1H01057,
150912,Mahindra Manulife Small Cap Fund - Regular Plan - Growth,INF174V01BH3,
150915,Mahindra Manulife Small Cap Fund - Direct Plan - Growth,INF174V01BK7,
151076,HSBC ELSS Tax saver Fund - Regular Growth,INF677K01064,
151078,HSBC ELSS Tax saver Fund - Direct Growth,INF917K01GP0,
151110,HSBC Value Fund - Regular Growth,INF677K01023,
151113,HSBC Value Fund - Direct Growth,INF917K01HD4,
151130,HSBC Small Cap Fund - Direct Growth,INF917K01QA1,
151133,HSBC Small Cap Fund - Regular Growth,INF917K01QC7,
151164,360 ONE ELSS Tax Saver Nifty 50 Index Fund - Regular Plan - Growth,INF579M01AL6,
151165,360 ONE ELSS Tax Saver Nifty 50 Index Fund - Direct Plan - Growth,INF579M01AN2,
151289,HSBC Multi Cap Fund - Regular - Growth,INF336L01QQ8,
151290,HSBC Multi Cap Fund - Direct - Growth,INF336L01QN5,
151377,ITI Flexi Cap Fund- Regular Plan- Growth,INF00XX01CL3,
151379,ITI Flexi Cap Fund- Direct Plan- Growth,INF00XX01CO7,
151412,Mirae Asset Flexi Cap Fund - Direct Plan - Growth,INF769K01JJ2,
151414,Mirae Asset Flexi Cap Fund - Regular Plan - Growth,INF769K01JG8,
151443,Bank of India Multi Cap Fund Direct Plan - Growth,INF761K01FR0,
151445,Bank of India Multi Cap Fund Regular Plan - Growth,INF761K01FU4,
151609,NJ ELSS Tax Saver Scheme Regular Growth,INF0J8L01099,
151611,NJ ELSS Tax Saver Scheme Direct Growth,INF0J8L01115,
151747,Baroda BNP Paribas Value Fund - Regular Plan - Growth option,INF251K01SA1,
151755,Baroda BNP Paribas Value Fund - Direct Plan - Growth option,INF251K01SD5,
151777,ITI Focused Fund - Direct Plan - Growth,INF00XX01CS8,
151778,ITI Focused Fund - Regular Plan - Growth,INF00XX01CV2,
151821,Canara Robeco Multi Cap Fund - Regular Plan - Growth Option,INF760K01KR2,
151824,Canara Robeco Multi Cap Fund - Direct Plan - Growth Option,INF760K01KO9,
151895,Bajaj Finserv Flexi Cap Fund-Direct Plan-Growth,INF0QA701342,
151898,Bajaj Finserv Flexi Cap Fund -Regular Plan-Growth,INF0QA701383,
151917,NJ Flexi Cap Fund - Direct Plan - Growth Option,INF0J8L01156,
151920,NJ Flexi Cap Fund - Regular Plan - Growth Option,INF0J8L01131,
152001,LIC MF Mid Cap Fund-Regular Plan-Growth,INF397L01JO0,
152002,LIC MF Mid Cap Fund-Direct Plan-Growth,INF397L01JK8,
152003,LIC MF Small Cap Fund-Regular Plan-Growth,INF397L01JW3,
152004,LIC MF Small Cap Fund-Direct Plan-Growth,INF397L01JS1,
152009,LIC MF Focused Fund-Regular Plan-Growth,INF397L01KE9,
152010,LIC MF Focused Fund-Direct Plan-Growth,INF397L01KA7,
152016,LIC MF Value Fund-Regular Plan-Growth,INF397L01KQ3,
152018,LIC MF Value Fund-Direct Plan-Growth,INF397L01KU5,
152071,WhiteOak Capital Multi Cap Fund Direct Plan Growth,INF03VN01803,
152072,WhiteOak Capital Multi Cap Fund Regular Plan Growth,INF03VN01795,
152094,Edelweiss Multi Cap Fund - Direct Plan - Growth,INF754K01SD8,
152095,Edelweiss Multi Cap Fund - Regular Plan - Growth,INF754K01RW0,
152128,Baroda BNP Paribas Small Cap Fund - Direct Plan - Growth option,INF251K01SR5,
152130,Baroda BNP Paribas Small Cap Fund - Regular Plan - Growth option,INF251K01SO2,
152135,Helios Flexi Cap Fund - Direct Plan - Growth Option,INF0R8701046,
152136,Helios Flexi Cap Fund - Regular Plan - Growth Option,INF0R8701012,
152157,Zerodha ELSS Tax Saver Nifty LargeMidcap 250 Index Fund - Direct Plan - Growth option,INF0R8F01026,
152225,Whiteoak Capital Large & Mid Cap Fund Regular Plan Growth,INF03VN01837,
152226,Whiteoak Capital Large & Mid Cap Fund Direct Plan Growth,INF03VN01845,
152232,Motilal Oswal Small Cap Fund - Regular - Growth,INF247L01BV9,
152237,Motilal Oswal Small Cap Fund - Direct - Growth,INF247L01BY3,
152352,Motilal Oswal Large Cap Regular Plan Growth,INF247L01CB9,
152354,Motilal Oswal Large Cap Direct Plan Growth,INF247L01CE3,
152358,Old Bridge Focused Fund - Direct Growth,INF0S5R01042,
152361,Old Bridge Focused Fund - Regular Growth,INF0S5R01034,
152406,Bajaj Finserv Large and Mid Cap Fund- Regular Plan- Growth,INF0QA701730,
152408,Bajaj Finserv Large and Mid Cap Fund- Direct Plan- Growth,INF0QA701763,
152582,TRUSTMF Flexi Cap Fund-Regular Plan- Growth,INF0GCD01719,
152584,TRUSTMF Flexi Cap Fund-Direct Plan- Growth,INF0GCD01743,
152612,JM Small Cap Fund (Regular) - Growth Option,INF192K01NE0,
152614,JM Small Cap Fund (Direct) - Growth Option,INF192K01NH3,
152650,Motilal Oswal Multi Cap Fund Regular Plan Growth,INF247L01CO2,
152651,Motilal Oswal Multi Cap Fund-Direct Plan Growth,INF247L01CL8,
152738,Franklin India Multi Cap Fund - Growth,INF090I01WX1,
152739,Franklin India Multi Cap Fund - Direct - Growth,INF090I01XA7,
152815,PGIM India Multi Cap Fund - Direct Plan - Growth Option,INF663L01Z03,
152816,PGIM India Multi Cap Fund - Regular Plan - Growth Option,INF663L01Y87,
152821,ITI Large & Midcap Fund - Direct Plan - Growth,INF00XX01DA4,
152824,ITI Large & Midcap Fund - Regular Plan - Growth,INF00XX01CX8,
152847,Samco Multi Cap Fund - Direct Plan - Growth,INF0K1H01198,
152848,Samco Multi Cap Fund - Regular Plan - Growth,INF0K1H01206,
152941,Helios Large & Mid Cap Fund - Direct Plan - Growth Option,INF0R8701269,
152943,Helios Large & Mid Cap Fund - Regular Plan - Growth Option,INF0R8701236,
153196,Mirae Asset Small Cap Fund - Direct Plan - Growth,INF769K01NJ4,
153198,Mirae Asset Small Cap Fund - Regular Plan - Growth,INF769K01NG0,
153238,Samco Large Cap Fund - Regular Plan - Growth Option,INF0K1H01263,
153239,Samco Large Cap Fund - Direct Plan - Growth Option,INF0K1H01255,
153303,Mahindra Manulife Value Fund - Direct Plan - Growth,INF174V01CI9,
153304,Mahindra Manulife Value Fund - Regular Plan - Growth,INF174V01CF5,
153326,Helios Mid Cap Fund - Direct Plan - Growth Option,INF0R8701327,
153327,Helios Mid Cap Fund - Regular Plan - Growth Plan,INF0R8701293,
153515,UTI Multi Cap Fund - Direct Plan - Growth Option,INF789F1AB89,
153516,UTI Multi Cap Fund - Regular Plan - Growth Option,INF789F1AB71,
153533,Samco Large & Mid Cap Fund - Regular Plan - Growth Option,INF0K1H01289,
153534,Samco Large & Mid Cap Fund - Direct Plan - Growth Option,INF0K1H01271,
153542,Unifi Flexi Cap Fund - Regular Growth,INF1MIY01049,
153543,Unifi Flexi Cap Fund - Direct Growth,INF1MIY01031,
153627,JM Large & Mid Cap Fund (Regular) - Growth Option,INF192K01NM3,
153629,JM Large & Mid Cap Fund (Direct) - Growth Option,INF192K01NK7,
153726,Bank of India Mid Cap Fund - Regular Plan Growth,INF761K01HB0,
153728,Bank of India Mid Cap Fund - Direct Plan Growth,INF761K01GY4,
153859,JioBlackRock Flexi Cap Fund - Direct Plan - Growth Option,INF22M001093,
153909,Helios Small Cap Fund - Regular Plan - Growth Option,INF0R8701350,
153912,Helios Small Cap Fund - Direct Plan - Growth Option,INF0R8701384,
154041,Abakkus Flexi Cap Fund - Regular - Growth,INF2JJD01169,
154043,Abakkus Flexi Cap Fund - Direct - Growth,INF2JJD01136,
154063,Groww Small Cap Fund-Direct-Growth,INF666M01NJ8,
154102,Groww Small Cap Fund-Regular-Growth,INF666M01NM2,
154154,Parag Parikh Large Cap Fund - Regular Plan - Growth,INF879O01365,
154155,Parag Parikh Large Cap Fund - Direct Plan - Growth,INF879O01332,
154214,Abakkus Small Cap Fund - Regular  Plan - Growth,INF2JJD01185,
154215,Abakkus Small Cap Fund - Direct Plan - Growth,INF2JJD01177,
154225,Old Bridge Flexi Cap Fund Direct Growth,INF0S5R01133,
154226,Old Bridge Flexi Cap Fund Regular Growth,INF0S5R01166,
154268,The Wealth Company Small Cap Fund- Regular-Growth,INF2F0001503,
154269,The Wealth Company Small Cap Fund- Direct-Growth,INF2F0001537,
154307,JioBlackRock Large Cap Fund - Direct Plan - Growth Option,INF22M001176,
154337,Motilal Oswal Contra Fund - Direct – Growth,INF247L01GW6,
154338,Motilal Oswal Contra Fund - Regular – Growth,INF247L01GZ9,
154381,The Wealth Company Large & Mid Cap Fund Direct Growth,INF2F0001594,
154382,The Wealth Company Large & Mid Cap Fund Regular Growth,INF2F0001560,
